{"Validation/Loss":0.47428284319383757,"Validation/Accuracy":0.573950910530483,"epoch":39,"_runtime":337,"_wandb":{"runtime":337},"_timestamp":1.7736101934700243e+09,"_step":39,"Train/Loss":0.3669788435101509}