{"_wandb":{"runtime":80},"_runtime":80,"Train/Loss":0.08044016374624334,"Validation/Loss":0.14867520013441599,"Validation/Accuracy":0.96996996996997,"epoch":7,"_timestamp":1.773678677198748e+09,"_step":7}