{"Validation/Loss":0.7426196783781052,"Validation/Accuracy":0.576326207442597,"epoch":26,"_wandb":{"runtime":305},"_runtime":305,"_timestamp":1.7736126725444026e+09,"_step":26,"Train/Loss":0.763289661705494}