{"_runtime":119,"_step":11,"Train/Loss":0.032245716862962584,"Validation/Loss":0.05054070195858783,"Validation/Accuracy":0.9855855855855856,"epoch":11,"_timestamp":1.773616455882146e+09,"_wandb":{"runtime":119}}