{"_timestamp":1.7736129977945964e+09,"_wandb":{"runtime":324},"_runtime":324,"_step":27,"Train/Loss":1.2221564024686813,"Validation/Loss":1.1773510319846017,"Validation/Accuracy":0.5452098178939034,"epoch":27}