{"_timestamp":1.773610546491756e+09,"_wandb":{"runtime":339},"_runtime":339,"_step":39,"Train/Loss":1.1037798404693604,"Validation/Loss":1.1478361742837089,"Validation/Accuracy":0.5434679334916864,"epoch":39}