{"_runtime":446,"_wandb":{"runtime":446},"Train/Loss":1.0283616840839387,"Validation/Loss":0.9550106227397919,"Validation/Accuracy":0.5604908946951702,"epoch":39,"_timestamp":1.7736139427087631e+09,"_step":39}