{"Train/Loss":0.009914594888687133,"Validation/Loss":0.027381651788735844,"_wandb":{"runtime":114},"_runtime":114,"Validation/Accuracy":0.9936936936936936,"epoch":10,"_timestamp":1.773615225096103e+09,"_step":10}