{"Validation/F1_Score":0.44521973789824965,"Train/Loss":0.5947342664003372,"_wandb":{"runtime":251},"_timestamp":1.7732653528070035e+09,"Validation/Loss":0.6907827087811061,"_runtime":251,"_step":39,"Test/Accuracy":0.5304829770387965,"Validation/Precision":0.4641871089468801}