{"_step":25,"Train/Loss":0.012317342785536312,"Validation/Loss":0.01242108116795342,"_wandb":{"runtime":256},"_runtime":256,"Validation/Accuracy":0.9948948948948949,"epoch":25,"_timestamp":1.773616714446487e+09}