{"_step":39,"Train/Loss":1.019556137919426,"Validation/Loss":0.9256959642682757,"_wandb":{"runtime":338},"_runtime":338,"Validation/Accuracy":0.5644497228820269,"epoch":39,"_timestamp":1.773612226400915e+09}