{"_runtime":217,"Validation/Loss":0.011087117421149222,"Validation/Accuracy":0.9972972972972973,"epoch":22,"_timestamp":1.77367859440374e+09,"_step":22,"Train/Loss":0.001662794432741066,"_wandb":{"runtime":217}}