{"_runtime":173,"Validation/F1_Score":0.44198442446876063,"Validation/Precision":0.4671899908491375,"_wandb":{"runtime":173},"_timestamp":1.7732620671346395e+09,"Train/Loss":0.6886727899312973,"_step":25,"Validation/Loss":0.7714013627597264,"Test/Accuracy":0.5315122723673793}