{"Train/Loss":1.1222102433443069,"Validation/Loss":1.149011207478387,"Validation/Accuracy":0.5505146476642914,"epoch":39,"_timestamp":1.7736109058199167e+09,"_wandb":{"runtime":340},"_runtime":340,"_step":39}