{"Validation/Loss":0.6802312848823411,"Validation/Accuracy":0.5796516231195566,"epoch":39,"_timestamp":1.773611429182688e+09,"_step":39,"Train/Loss":0.7320946097373963,"_wandb":{"runtime":351},"_runtime":351}