{"Validation/Precision":0.937234328245586,"Train/Loss":0.0035987051785923542,"Validation/Loss":0.00792051006906799,"Validation/F1_Score":0.9305744003580728,"_wandb":{"runtime":124},"_runtime":124,"_timestamp":1.7732666652209435e+09,"Test/Accuracy":0.9594615993665875,"_step":19}