{"Validation/Loss":0.47753160712974413,"Validation/Accuracy":0.857057057057057,"epoch":39,"_timestamp":1.773678374541902e+09,"_wandb":{"runtime":260},"_runtime":260,"_step":39,"Train/Loss":0.3447629898786545}