{"Validation/Loss":0.5842375372137342,"_wandb":{"runtime":447},"_runtime":447,"Validation/Accuracy":0.5833729216152019,"epoch":22,"_timestamp":1.7736096159553745e+09,"_step":22,"Train/Loss":0.46353343278169634}