{"_wandb":{"runtime":447},"_runtime":447,"Validation/Accuracy":0.5714964370546318,"epoch":39,"_timestamp":1.7736134910235744e+09,"_step":39,"Train/Loss":0.7753716930747032,"Validation/Loss":0.7709711747510093}