{"_step":33,"Train/Loss":0.5779578983783722,"Validation/Loss":0.5781655982136726,"Validation/Accuracy":0.5923990498812352,"_wandb":{"runtime":298},"_runtime":298,"epoch":33,"_timestamp":1.773611881864877e+09}